{
	"format_version": "1.21",
	"credit": "Made by ksdh2333 with Blockbench",
	"parent": "block/block",
	"textures": {
		"1": "item/lantern",
		"particle": "#lantern"
	},
	"elements": [
		{
			"from": [2, -4, 2],
			"to": [14, 10, 14],
			"rotation": {"angle": 0, "axis": "y", "origin": [-3, -4, -3]},
			"faces": {
				"north": {"uv": [0, 2, 6, 9], "texture": "#1"},
				"east": {"uv": [0, 2, 6, 9], "texture": "#1"},
				"south": {"uv": [0, 2, 6, 9], "texture": "#1"},
				"west": {"uv": [0, 2, 6, 9], "texture": "#1"},
				"up": {"uv": [0, 9, 6, 15], "texture": "#1"},
				"down": {"uv": [0, 9, 6, 15], "texture": "#1", "cullface": "down"}
			}
		},
		{
			"from": [4, 10, 4],
			"to": [12, 14, 12],
			"rotation": {"angle": 0, "axis": "y", "origin": [-2, 3, -2]},
			"faces": {
				"north": {"uv": [1, 0, 5, 2], "texture": "#1"},
				"east": {"uv": [1, 0, 5, 2], "texture": "#1"},
				"south": {"uv": [1, 0, 5, 2], "texture": "#1"},
				"west": {"uv": [1, 0, 5, 2], "texture": "#1"},
				"up": {"uv": [1, 10, 5, 14], "texture": "#1"}
			}
		},
		{
			"from": [5.5, 14, 9],
			"to": [11.5, 18, 9],
			"shade": false,
			"rotation": {"angle": 45, "axis": "y", "origin": [7, 13, 9]},
			"faces": {
				"north": {"uv": [14, 1, 11, 3], "texture": "#1"},
				"south": {"uv": [11, 1, 14, 3], "texture": "#1"}
			}
		},
		{
			"from": [7, 14, 5.5],
			"to": [7, 18, 11.5],
			"shade": false,
			"rotation": {"angle": 45, "axis": "y", "origin": [7, 13, 7]},
			"faces": {
				"east": {"uv": [11, 10, 14, 12], "texture": "#1"},
				"west": {"uv": [14, 10, 11, 12], "texture": "#1"}
			}
		}
	]
}