{
    "parent": "minecraft:item/handheld_rod",
    "textures": {
        "layer0": "minecraft:item/carrot_on_a_stick"
    },
    "overrides": [
        {
            "predicate": {
                "custom_model_data": 1
            },
            "model": "mclibrary:item/watch"
        },
        {
            "predicate": {
                "custom_model_data": 2
            },
            "model": "mclibrary:item/radio"
        },
        {
            "predicate": {
                "custom_model_data": 3
            },
            "model": "mclibrary:item/resurrection_page"
        }
    ]
}