{
    "parent": "minecraft:item/generated",
    "textures": {
        "layer0": "minecraft:item/paper"
     },
    "overrides": [
        {
            "predicate": {
                "custom_model_data": 1
            },
            "model": "mclibrary:item/token"
        },
        {
            "predicate": {
                "custom_model_data": 2
            },
            "model": "mclibrary:item/viscera"
        },
        {
            "predicate": {
                "custom_model_data": 3
            },
            "model": "mclibrary:item/handcuffs"
        },
        {
            "predicate": {
                "custom_model_data": 4
            },
            "model": "mclibrary:item/police_card"
        }
    ]
}